user_id,movie_id,rating
1,1,2
1,18,4
1,16,5
1,2,1
1,9,4
1,6,2
1,12,5
1,4,4
2,19,4
2,2,1
2,6,4
2,1,2
2,11,2
2,8,1
3,14,2
3,16,2
3,5,4
3,9,2
3,10,2
3,18,4
3,6,4
4,2,3
4,6,1
4,3,3
4,19,3
4,4,1
4,17,3
5,13,5
5,6,3
5,14,1
5,16,5
5,20,2
5,4,3
6,6,3
6,2,3
6,17,4
6,11,2
6,8,2
6,16,5
7,2,3
7,17,3
7,5,1
7,4,5
7,8,1
7,20,3
7,3,2
8,19,5
8,6,1
8,20,1
8,14,3
8,13,2
8,11,5
8,8,4
8,16,2
8,5,4
9,12,3
9,15,2
9,10,3
9,7,3
9,16,4
9,3,4
9,19,1
9,8,1
10,13,1
10,6,4
10,5,5
10,19,5
10,17,3
10,15,1
10,4,1
10,16,3
10,3,3
11,7,2
11,12,3
11,13,5
11,17,1
11,2,4
11,5,1
11,20,4
11,10,1
11,9,5
12,15,3
12,4,3
12,2,2
12,14,5
12,5,1
12,10,4
12,19,1
12,9,5
12,13,4
13,9,3
13,8,4
13,2,1
13,7,4
13,10,5
13,11,5
14,9,1
14,20,1
14,4,3
14,5,5
14,11,2
14,13,2
14,14,3
14,7,2
14,16,1
15,5,5
15,16,2
15,9,2
15,15,1
15,17,4
15,6,2
15,11,3
15,14,4
15,10,5
16,11,1
16,1,3
16,10,4
16,14,2
16,9,2
16,2,5
17,19,2
17,16,3
17,4,5
17,3,1
17,13,5
17,7,4
17,10,5
18,19,2
18,3,2
18,6,3
18,11,2
18,9,1
18,8,5
18,2,5
18,20,4
19,6,4
19,10,2
19,7,5
19,4,3
19,9,2
19,20,3
19,8,1
19,14,2
19,11,5
20,17,3
20,3,1
20,6,3
20,13,4
20,15,2
20,1,1
20,12,5
21,2,4
21,7,4
21,11,3
21,10,2
21,12,5
21,5,5
21,8,3
21,19,4
21,16,1
22,20,2
22,8,4
22,1,1
22,6,5
22,2,5
22,9,2
22,12,1
22,11,2
22,17,3
23,9,5
23,15,4
23,16,3
23,20,2
23,12,2
23,11,3
23,18,3
24,16,5
24,14,5
24,4,5
24,2,5
24,5,5
24,6,3
25,10,4
25,12,4
25,2,5
25,19,2
25,16,4
25,13,4
25,7,2
25,8,2
25,18,4
26,10,3
26,8,5
26,13,5
26,7,1
26,16,1
26,15,2
26,14,1
27,20,5
27,4,5
27,8,2
27,10,2
27,15,3
27,11,1
27,16,5
27,12,1
28,17,1
28,16,4
28,6,5
28,5,3
28,3,1
28,9,1
28,10,5
29,9,4
29,13,2
29,5,3
29,8,1
29,1,5
29,4,5
30,9,1
30,1,3
30,14,4
30,15,4
30,7,1
30,3,3
30,11,3
30,18,3
30,16,5
